"Cooling Value"	"Average Performance"
"10"	"0.8419540229885059"
"20"	"0.8833333333333334"
"40"	"0.7827586206896552"
"80"	"0.6821839080459771"
"160"	"0.7166666666666667"
"320"	"0.6126436781609195"
"640"	"0.6206896551724138"
"1024"	"0.639080459770115"
"2048"	"0.5660919540229885"
"4096"	"0.5482758620689655"
