"Cooling Value"	"Average Performance"
"10"	"0.867816091954023"
"80"	"0.38697318007662834"
"160"	"0.44252873563218387"
"640"	"0.5134099616858238"
"2048"	"0.5325670498084291"
"4096"	"0.4482758620689655"
