"Cooling Value"	"Average Performance"
"10"	"0.7278735632183908"
"20"	"0.7635057471264368"
"40"	"0.8008620689655173"
"80"	"0.8054597701149426"
"160"	"0.8120689655172415"
"320"	"0.803448275862069"
"640"	"0.8218390804597702"
"1024"	"0.7962643678160919"
"2048"	"0.8272988505747125"
"4096"	"0.8548850574712643"
