"Cooling Value"	"Average Performance"
"10"	"0.7442528735632183"
"20"	"0.7923371647509578"
"40"	"0.8442528735632184"
"80"	"0.7831417624521073"
"160"	"0.7768199233716475"
"320"	"0.813984674329502"
"640"	"0.8157088122605365"
"1024"	"0.7731800766283524"
"2048"	"0.7996168582375478"
"4096"	"0.8147509578544061"
