"Cooling Value"	"Average Performance"
"10"	"0.8982758620689655"
"20"	"0.8379310344827585"
"40"	"0.5580459770114943"
"80"	"0.482183908045977"
"160"	"0.5706896551724138"
"320"	"0.4637931034482759"
"640"	"0.560344827586207"
"1024"	"0.4413793103448276"
"2048"	"0.45747126436781615"
"4096"	"0.43850574712643675"
