"Cooling Value"	"Average Performance"
"0.9999"	"0.5647509578544061"
"0.999"	"0.8417624521072796"
"0.995"	"0.9371647509578545"
"0.99"	"0.9375478927203065"
"0.95"	"0.9413793103448275"
"0.9"	"0.9398467432950192"
"0.75"	"0.9398467432950192"
"0.5"	"0.9379310344827586"
"0.25"	"0.9406130268199233"
"0.1"	"0.9379310344827586"
"0.05"	"0.9386973180076628"
